<PAMDataset>
  <SRS>PROJCS["MAGNA_Transverse_Mercator",GEOGCS["GCS_MAGNA",DATUM["Marco_Geocentrico_Nacional_de_Referencia",SPHEROID["GRS_1980",6378137.0,298.257222101,AUTHORITY["EPSG","7019"]],AUTHORITY["EPSG","6686"]],PRIMEM["Greenwich",0.0,AUTHORITY["EPSG","8901"]],UNIT["Degree",0.0174532925199433,AUTHORITY["EPSG","9102"]],AUTHORITY["EPSG","4686"]],PROJECTION["Transverse_Mercator",AUTHORITY["Esri","43006"]],PARAMETER["false_easting",1000000.0,AUTHORITY["Esri","100001"]],PARAMETER["false_northing",1000000.0,AUTHORITY["Esri","100002"]],PARAMETER["central_meridian",-74.07750791666666,AUTHORITY["Esri","100010"]],PARAMETER["scale_factor",1.0,AUTHORITY["Esri","100003"]],PARAMETER["latitude_of_origin",4.596200416666666,AUTHORITY["Esri","100021"]],UNIT["Meter",1.0,AUTHORITY["EPSG","9001"]]]</SRS>
  <Metadata>
    <MDI key="DataType">Generic</MDI>
  </Metadata>
  <Metadata domain="Esri">
    <MDI key="PyramidResamplingType">NEAREST</MDI>
  </Metadata>
  <PAMRasterBand band="1">
    <Description>Band_1</Description>
    <Metadata>
      <MDI key="BandName">Band_1</MDI>
      <MDI key="RepresentationType">ATHEMATIC</MDI>
    </Metadata>
  </PAMRasterBand>
</PAMDataset>
