<?xml version="1.0" encoding="UTF-8"?>
<metadata xml:lang="es"><Esri><CreaDate>20231014</CreaDate><CreaTime>18425000</CreaTime><ArcGISFormat>1.0</ArcGISFormat><SyncOnce>TRUE</SyncOnce><DataProperties><lineage><Process ToolSource="c:\program files (x86)\arcgis\desktop10.8\ArcToolbox\Toolboxes\Conversion Tools.tbx\RasterToPolygon" Date="20231014" Time="181058">RasterToPolygon poligono "C:\Users\kevin\Downloads\Cartografía base\DEM\Polígono\polígono.shp" SIMPLIFY VALUE SINGLE_OUTER_PART #</Process></lineage></DataProperties></Esri></metadata>
