<PAMDataset>
  <SRS>PROJCS["DAT_MAG_Ant_Medellin_Transverse_Mercator",GEOGCS["GCS_DAT_MAG_Ant_Medellin",DATUM["DAT_MAG_Ant_Medellin",SPHEROID["GRS1980_MAG_Ant_Medellin",6379647.0,298.257222101]],PRIMEM["Greenwich",0.0,AUTHORITY["EPSG","8901"]],UNIT["Degree",0.0174532925199433,AUTHORITY["EPSG","9102"]]],PROJECTION["Transverse_Mercator",AUTHORITY["Esri","43006"]],PARAMETER["false_easting",835378.647,AUTHORITY["Esri","100001"]],PARAMETER["false_northing",1180816.875,AUTHORITY["Esri","100002"]],PARAMETER["central_meridian",-75.5648869444444,AUTHORITY["Esri","100010"]],PARAMETER["scale_factor",1.0,AUTHORITY["Esri","100003"]],PARAMETER["latitude_of_origin",6.229208889,AUTHORITY["Esri","100021"]],UNIT["Meter",1.0,AUTHORITY["EPSG","9001"]]]</SRS>
  <Metadata>
    <MDI key="DataType">Generic</MDI>
  </Metadata>
  <Metadata domain="Esri">
    <MDI key="PyramidResamplingType">NEAREST</MDI>
  </Metadata>
  <PAMRasterBand band="1">
    <Description>Band_1</Description>
    <NoDataValue>0.00000000000000E+00</NoDataValue>
    <Metadata>
      <MDI key="BandName">Band_1</MDI>
      <MDI key="RepresentationType">ATHEMATIC</MDI>
    </Metadata>
  </PAMRasterBand>
</PAMDataset>
