<?xml version="1.0" encoding="UTF-8"?>
<metadata xml:lang="es"><Esri><CreaDate>20231014</CreaDate><CreaTime>11235600</CreaTime><ArcGISFormat>1.0</ArcGISFormat><SyncOnce>TRUE</SyncOnce><DataProperties><lineage><Process ToolSource="c:\program files (x86)\arcgis\desktop10.8\ArcToolbox\Toolboxes\Spatial Analyst Tools.tbx\StreamToFeature" Date="20231014" Time="112356">StreamToFeature order direccion "C:\Users\kevin\Downloads\Cartografía base\Drenajes\order_2\order_2.shp" SIMPLIFY</Process></lineage></DataProperties></Esri></metadata>
