<?xml version="1.0" encoding="UTF-8"?>
<metadata xml:lang="es"><Esri><CreaDate>20231014</CreaDate><CreaTime>20511600</CreaTime><ArcGISFormat>1.0</ArcGISFormat><SyncOnce>FALSE</SyncOnce><DataProperties><itemProps><itemName Sync="TRUE">LaValeria</itemName><itemLocation><linkage Sync="TRUE">file://C:\Users\kevin\Downloads\Cartografía base\DEM\LaValeriaDEM\LaValeria</linkage><protocol Sync="TRUE">Local Area Network</protocol></itemLocation><imsContentType Sync="TRUE">002</imsContentType><nativeExtBox><westBL Sync="TRUE">822806.423523</westBL><eastBL Sync="TRUE">827551.423523</eastBL><southBL Sync="TRUE">1163208.610426</southBL><northBL Sync="TRUE">1168753.610426</northBL><exTypeCode Sync="TRUE">1</exTypeCode></nativeExtBox></itemProps><coordRef><type Sync="TRUE">Projected</type><geogcsn Sync="TRUE">GCS_DAT_MAG_Ant_Medellin</geogcsn><csUnits Sync="TRUE">Linear Unit: Meter (1.000000)</csUnits><projcsn Sync="TRUE">DAT_MAG_Ant_Medellin_Transverse_Mercator</projcsn><peXml Sync="TRUE">&lt;ProjectedCoordinateSystem xsi:type='typens:ProjectedCoordinateSystem' xmlns:xsi='http://www.w3.org/2001/XMLSchema-instance' xmlns:xs='http://www.w3.org/2001/XMLSchema' xmlns:typens='http://www.esri.com/schemas/ArcGIS/10.7'&gt;&lt;WKT&gt;PROJCS[&amp;quot;DAT_MAG_Ant_Medellin_Transverse_Mercator&amp;quot;,GEOGCS[&amp;quot;GCS_DAT_MAG_Ant_Medellin&amp;quot;,DATUM[&amp;quot;D_DAT_MAG_Ant_Medellin&amp;quot;,SPHEROID[&amp;quot;GRS1980_MAG_Ant_Medellin&amp;quot;,6379647.0,298.257222101]],PRIMEM[&amp;quot;Greenwich&amp;quot;,0.0],UNIT[&amp;quot;Degree&amp;quot;,0.0174532925199433]],PROJECTION[&amp;quot;Transverse_Mercator&amp;quot;],PARAMETER[&amp;quot;false_easting&amp;quot;,835378.647],PARAMETER[&amp;quot;false_northing&amp;quot;,1180816.875],PARAMETER[&amp;quot;central_meridian&amp;quot;,-75.5648869444444],PARAMETER[&amp;quot;scale_factor&amp;quot;,1.0],PARAMETER[&amp;quot;latitude_of_origin&amp;quot;,6.229208889],UNIT[&amp;quot;Meter&amp;quot;,1.0]]&lt;/WKT&gt;&lt;XOrigin&gt;-4789100&lt;/XOrigin&gt;&lt;YOrigin&gt;-9512600&lt;/YOrigin&gt;&lt;XYScale&gt;450159641.69649458&lt;/XYScale&gt;&lt;ZOrigin&gt;-100000&lt;/ZOrigin&gt;&lt;ZScale&gt;10000&lt;/ZScale&gt;&lt;MOrigin&gt;-100000&lt;/MOrigin&gt;&lt;MScale&gt;10000&lt;/MScale&gt;&lt;XYTolerance&gt;0.001&lt;/XYTolerance&gt;&lt;ZTolerance&gt;0.001&lt;/ZTolerance&gt;&lt;MTolerance&gt;0.001&lt;/MTolerance&gt;&lt;HighPrecision&gt;true&lt;/HighPrecision&gt;&lt;/ProjectedCoordinateSystem&gt;</peXml></coordRef><RasterProperties><General><PixelDepth Sync="TRUE">32</PixelDepth><HasColormap Sync="TRUE">FALSE</HasColormap><CompressionType Sync="TRUE">None</CompressionType><NumBands Sync="TRUE">1</NumBands><Format Sync="TRUE">GRID</Format><HasPyramids Sync="TRUE">TRUE</HasPyramids><SourceType Sync="TRUE">continuous</SourceType><PixelType Sync="TRUE">floating point</PixelType><NoDataValue Sync="TRUE">0</NoDataValue></General></RasterProperties><lineage><Process ToolSource="c:\program files (x86)\arcgis\desktop10.8\ArcToolbox\Toolboxes\Data Management Tools.tbx\Clip" Date="20231014" Time="205117">Clip DEM5.tif "822808,497192384 1163211,16047434 827550,39202881 1168752,66453318" "C:\Users\kevin\Downloads\Cartografía base\DEM\LaValeriaDEM\LaValeria" Polígono_LaValeria 0,000000e+00 ClippingGeometry NO_MAINTAIN_EXTENT</Process></lineage></DataProperties><SyncDate>20231014</SyncDate><SyncTime>20511600</SyncTime><ModDate>20231014</ModDate><ModTime>20511600</ModTime></Esri><dataIdInfo><envirDesc Sync="TRUE"> Version 6.2 (Build 9200) ; Esri ArcGIS 10.8.0.12790</envirDesc><dataLang><languageCode value="spa" Sync="TRUE"></languageCode><countryCode value="COL" Sync="TRUE"></countryCode></dataLang><idCitation><resTitle Sync="TRUE">LaValeria</resTitle><presForm><PresFormCd value="005" Sync="TRUE"></PresFormCd></presForm></idCitation><spatRpType><SpatRepTypCd value="002" Sync="TRUE"></SpatRepTypCd></spatRpType><dataExt><geoEle><GeoBndBox esriExtentType="search"><exTypeCode Sync="TRUE">1</exTypeCode><westBL Sync="TRUE">-75.678441</westBL><eastBL Sync="TRUE">-75.635577</eastBL><northBL Sync="TRUE">6.120146</northBL><southBL Sync="TRUE">6.070009</southBL></GeoBndBox></geoEle></dataExt></dataIdInfo><mdLang><languageCode value="spa" Sync="TRUE"></languageCode><countryCode value="COL" Sync="TRUE"></countryCode></mdLang><mdChar><CharSetCd value="004" Sync="TRUE"></CharSetCd></mdChar><distInfo><distFormat><formatName Sync="TRUE">Raster Dataset</formatName></distFormat></distInfo><mdHrLv><ScopeCd value="005" Sync="TRUE"></ScopeCd></mdHrLv><mdHrLvName Sync="TRUE">dataset</mdHrLvName><refSysInfo><RefSystem><refSysID><identCode code="0" Sync="TRUE"></identCode></refSysID></RefSystem></refSysInfo><spatRepInfo><Georect><cellGeo><CellGeoCd Sync="TRUE" value="002"></CellGeoCd></cellGeo><numDims Sync="TRUE">2</numDims><tranParaAv Sync="TRUE">1</tranParaAv><chkPtAv Sync="TRUE">0</chkPtAv><cornerPts><pos Sync="TRUE">822806.423523 1163208.610426</pos></cornerPts><cornerPts><pos Sync="TRUE">822806.423523 1168753.610426</pos></cornerPts><cornerPts><pos Sync="TRUE">827551.423523 1168753.610426</pos></cornerPts><cornerPts><pos Sync="TRUE">827551.423523 1163208.610426</pos></cornerPts><centerPt><pos Sync="TRUE">825178.923523 1165981.110426</pos></centerPt><axisDimension type="002"><dimSize Sync="TRUE">949</dimSize><dimResol><value Sync="TRUE" uom="m">5.000000</value></dimResol></axisDimension><axisDimension type="001"><dimSize Sync="TRUE">1109</dimSize><dimResol><value Sync="TRUE" uom="m">5.000000</value></dimResol></axisDimension><ptInPixel><PixOrientCd Sync="TRUE" value="001"></PixOrientCd></ptInPixel></Georect></spatRepInfo><contInfo><ImgDesc><contentTyp><ContentTypCd Sync="TRUE" value="003"></ContentTypCd></contentTyp><covDim><Band><dimDescrp Sync="TRUE">Band_1</dimDescrp><maxVal Sync="TRUE">2625.000000</maxVal><minVal Sync="TRUE">1729.599976</minVal><bitsPerVal Sync="TRUE">32</bitsPerVal><valUnit><UOM type="length"></UOM></valUnit></Band></covDim></ImgDesc></contInfo><mdDateSt Sync="TRUE">20231014</mdDateSt></metadata>
